SRF	1.466508880982284
NRF1	0.7334914115005595
CSDE1	0.6174007951905921
TRIP13	0.5581310278522967
DPF2	0.5385055664505181
PCBP2	0.34474485729394644
ZFX	0.21660235832964553
BDP1	0.11737403863784618
NUFIP1	0.07242301358453625
MBD2	0.06923132023545796
MAFG	0.0577211347938827
CTCFL	0.015592307694363894
SRSF3	0.006888537153756891
ELF1	0.0019084730577849244
ZNF83	0.00023730983005201123
ZHX1	0.00023209713104597782
CBX3	0.00019304727248115847
RFX1	9.884596117245376e-05
MAZ	8.168865832812206e-05
CREM	8.020421178782733e-05
KDM5B	7.898074236406758e-05
TSC22D4	7.85129386611897e-05
AFF1	4.900521343785476e-05
NR3C1	2.5171376592326147e-05
ZNF175	2.008947373838035e-05
RBFOX2	1.9198906933281186e-05
H3K27ac	1.7272419049091037e-05
EHMT2	1.6930300876712483e-05
TAF1	1.55706588969748e-05
H2AFZ	1.3214498449225714e-05
H3K4me1	9.808082574851482e-06
L3MBTL2	9.788961010329774e-06
H3K9ac	8.988316017784182e-06
FOXJ2	8.869858977930801e-06
H3K4me2	7.76981028991253e-06
ZEB2	7.188177778038194e-06
HDGF	6.9703750881388775e-06
ZNF584	6.876760847726433e-06
SMARCA4	6.754419702963478e-06
FOSL1	6.5143975386327785e-06
SAFB	6.239609967973441e-06
ZNF395	6.027740192357535e-06
DIDO1	5.7145459514617765e-06
HCFC1	5.6804573571861375e-06
PHF21A	5.604302535330001e-06
XRCC5	5.377886518363843e-06
ATF4	5.290082530024849e-06
CTCF	5.200226978894544e-06
E4F1	5.097641771091925e-06
YY1	5.083732770502679e-06
E2F4	4.690276565396846e-06
CTBP1	4.331834190621033e-06
NR4A1	4.01494397393572e-06
MYNN	3.8012856341640835e-06
BHLHE40	3.7654861541184933e-06
SMARCA5	3.737774369640681e-06
NFYA	3.5271254807161415e-06
ZKSCAN8	3.521000661238335e-06
BRD4	3.4932110048370587e-06
RBM39	3.2835959548459912e-06
CBX5	3.2686141031756343e-06
USF1	3.260524078482788e-06
MAFF	3.230818161687744e-06
CEBPB	3.1618869996551814e-06
GTF2E2	3.156733709081945e-06
CBX1	3.0733849942253303e-06
CBX8	3.052384371285937e-06
ZNF589	2.890166317902634e-06
HDAC1	2.804371997902904e-06
NFRKB	2.779746197924645e-06
SRSF9	2.7639781097819853e-06
RCOR1	2.743396792241885e-06
ZNF274	2.7195762322176684e-06
ZKSCAN1	2.5643927771475687e-06
DACH1	2.5599051996557227e-06
ZNF318	2.4722919331351016e-06
TFDP1	2.45072521649709e-06
ZBTB2	2.4358282639706877e-06
BMI1	2.406792227595454e-06
TAL1	2.4057864968144222e-06
HDAC6	2.40458776247783e-06
GATA1	2.2128230579101406e-06
KDM4B	2.208156629558516e-06
ZNF766	2.193211245900744e-06
POLR2H	2.169273130992559e-06
ETV1	2.1031979525177457e-06
ZNF282	2.0668115222826557e-06
NEUROD1	2.0450253157748005e-06
MITF	2.0367489070512137e-06
FIP1L1	2.035396579414844e-06
ATF3	1.9476795913738335e-06
RBM14	1.932560292158943e-06
ZNF263	1.7279367789894387e-06
GABPA	1.6869729940072377e-06
FOS	1.615096454867754e-06
TRIM28	1.5933661754196388e-06
TBL1XR1	1.5416679410161797e-06
BRD9	1.4726253644012562e-06
ZNF143	1.3936739716731568e-06
IRF9	1.3867100616581513e-06
SNIP1	1.3774441468022412e-06
ZNF740	1.3040209937772323e-06
UBTF	1.2693798304368411e-06
NFYB	1.2240966605321906e-06
SAP30	1.2117181300334662e-06
SMARCC2	1.1297924872094439e-06
NR2F6	1.1263133661856602e-06
ZNF197	1.0160578822606558e-06
SMARCB1	9.901472122567024e-07
CC2D1A	9.860886544445217e-07
ELF4	9.817738567391405e-07
RAD21	9.500970176915639e-07
POLR2G	9.469783400982128e-07
ARID3A	9.096464302512938e-07
TEAD4	9.071856828632708e-07
BRF2	8.639745666701282e-07
RAD51	8.273920344162989e-07
DNMT1	7.495193925930679e-07
H3K9me3	6.728495194553564e-07
ZNF644	6.722813574654763e-07
FOXK2	6.111484030924469e-07
ARHGAP35	5.660540364005451e-07
RBM22	5.639978685047362e-07
ZNF384	4.859756888779221e-07
NFATC3	4.808823541967711e-07
ZNF280A	4.611990608922832e-07
MYC	4.547585487297472e-07
SMC3	3.34864457363031e-07
NCOA4	3.2996706851652264e-07
ATF7	3.2760784584098955e-07
PBX2	2.9994728610890465e-07
ZBTB11	2.9514216425095717e-07
ZNF146	2.828485688411626e-07
NELFE	2.592045359926579e-07
HDAC8	2.5439646500329347e-07
SPI1	2.2814430879833045e-07
SUZ12	1.3233576152376688e-07
POLR2AphosphoS5	1.2435567632175824e-07
DDX20	1.1947354701558726e-07
YBX3	1.1808448767124568e-07
SMAD1	9.695586731518852e-08
PRMT5	9.181443459845784e-08
CCAR2	3.0947114304762854e-08
MCM7	-1.953585969292734e-08
JUND	-2.3439757988571963e-08
TCF7L2	-3.4942330956207813e-08
JUNB	-3.5633811079949e-08
NR2F1	-4.587892888288811e-08
JUN	-4.613050079309007e-08
ZMIZ1	-9.603342135846796e-08
MTA1	-1.0402268035289864e-07
NFE2L1	-1.0708635217513199e-07
NCOR1	-1.3754683627790896e-07
ARID2	-1.5835866794688154e-07
POLR3A	-1.6701603569795982e-07
ZBTB7A	-1.734338879929281e-07
CBX2	-1.818535885796346e-07
CREB3L1	-1.9554284189054257e-07
HMGN3	-2.096163233655354e-07
TCF12	-2.1191236999637869e-07
ZMYM3	-2.1357616517238994e-07
HLTF	-2.331923322873833e-07
CEBPZ	-2.780900626288535e-07
PHF20	-3.5403402245648626e-07
SIN3A	-3.5785171642779036e-07
POU5F1	-3.6258463806825704e-07
RBM34	-3.652951914615769e-07
KLF16	-3.661976121020743e-07
KLF1	-4.19696499089e-07
H3K9me1	-4.6154781627228644e-07
SIRT6	-4.807722288571183e-07
MAFK	-4.83516750993638e-07
ZNF639	-5.00388970900532e-07
HNRNPH1	-5.104606622994338e-07
TCF7	-5.189945903090427e-07
ETS1	-5.237740728499096e-07
PML	-5.444968826807554e-07
RBBP5	-5.717019918132556e-07
CUX1	-5.74611602020525e-07
EGR1	-5.908901323236285e-07
BACH1	-5.955141330976219e-07
KAT2B	-6.116751869346944e-07
TEAD2	-6.157130116586261e-07
ZC3H11A	-6.169224619361455e-07
CHD7	-6.46383029537551e-07
KLF13	-6.546362882590823e-07
E2F8	-6.662187524837914e-07
XRCC4	-6.980352620107769e-07
POLR3G	-7.080292339999783e-07
NR2C2	-7.174291014523823e-07
SOX6	-7.317166928535034e-07
RBM17	-7.341462406865297e-07
U2AF1	-7.738201093708732e-07
GATA2	-7.893993714135761e-07
GTF3C2	-8.05394061033945e-07
EZH2	-8.08476219515971e-07
SETDB1	-8.261298060956712e-07
SFPQ	-8.327682735602073e-07
MCM5	-8.434934876280595e-07
PYGO2	-8.597087279608952e-07
DEAF1	-8.598882555049569e-07
TAF7	-8.74394349369115e-07
CBFA2T2	-8.772875798377863e-07
PTBP1	-8.987219771159463e-07
IRF2	-9.552797984556715e-07
CREBBP	-9.617800184327089e-07
RFX5	-9.926667017355482e-07
HNRNPL	-9.933878828889617e-07
IRF1	-1.0579531852182609e-06
NKRF	-1.0669635828100233e-06
HINFP	-1.12771370333864e-06
GTF2F1	-1.1326553195725303e-06
ETS2	-1.1335737806573573e-06
RBM15	-1.1993991662480833e-06
CHD4	-1.2280376171751754e-06
HMBOX1	-1.2342662103364597e-06
MIER1	-1.2556640889500553e-06
CHD2	-1.2922114054170708e-06
TRIM25	-1.304282413151088e-06
ESRRA	-1.3697633129516728e-06
NONO	-1.3916539995123605e-06
SMARCE1	-1.3976453149361154e-06
MCM2	-1.3985699615630133e-06
PRPF4	-1.4205965301296961e-06
ETV6	-1.4851517174216003e-06
PRDM10	-1.4893579409216944e-06
GATAD2A	-1.5099901008509346e-06
GTF2B	-1.5145804087751774e-06
BRF1	-1.5534570369353461e-06
ILK	-1.6368183172711679e-06
TAF15	-1.6699974134193185e-06
SMAD2	-1.6986715674854875e-06
RBM25	-1.7987623185850316e-06
HDAC2	-1.845289158500009e-06
WHSC1	-1.8500436739857985e-06
MEF2D	-1.883065026864548e-06
NCOA1	-1.8866364507977686e-06
ZNF512	-1.893458233716683e-06
SP1	-1.9064299301325818e-06
ATF1	-1.9106030122226713e-06
ZBED1	-1.939149844328785e-06
ARNT	-1.9572378933332607e-06
ZNF407	-1.9670734049844842e-06
E2F6	-2.001472386376696e-06
IKZF1	-2.058279107703394e-06
CBFA2T3	-2.094369151173094e-06
LARP7	-2.1853819633152574e-06
SAFB2	-2.200114872937503e-06
POLR2AphosphoS2	-2.2330479157921167e-06
BCLAF1	-2.2377126357947087e-06
ELK1	-2.2763904950164043e-06
CREB1	-2.3624284882672576e-06
ZC3H8	-2.4496843079210174e-06
ID3	-2.5008766853164008e-06
SNRNP70	-2.5478846660901657e-06
PTRF	-2.6243378933266296e-06
STAT5A	-2.6633809612013216e-06
MEF2A	-2.7942843191419204e-06
H3K36me3	-2.831494631722143e-06
ZBTB40	-2.84955925305796e-06
PKNOX1	-2.9625916284557147e-06
POLR2B	-2.9867142331875466e-06
MEIS2	-2.9966439360883853e-06
BCOR	-3.0220883647941213e-06
SP2	-3.0282165086517053e-06
NFE2	-3.0373504187331327e-06
GTF2A2	-3.0579929683260633e-06
U2AF2	-3.0849332607798614e-06
RUNX1	-3.143030831667885e-06
HES1	-3.162531745039562e-06
EP300	-3.1810165718461764e-06
KAT8	-3.226309204436791e-06
YBX1	-3.3100168865276098e-06
SRSF7	-3.329474633898699e-06
MCM3	-3.49449961046094e-06
SIX5	-3.6711081482187363e-06
RNF2	-3.973167478130759e-06
PTTG1	-3.978278814678325e-06
CHAMP1	-3.989280065593969e-06
H3K79me2	-4.052861022197552e-06
HNRNPK	-4.081584810240794e-06
SMAD5	-4.42622263028735e-06
MTA2	-4.587753730601994e-06
MXI1	-4.606497705966763e-06
FOXM1	-4.947439435960187e-06
RELA	-4.985142318482805e-06
FOXA1	-5.048173009690711e-06
NR2F2	-5.124586783324935e-06
CDC5L	-5.157631287416925e-06
CCNT2	-5.2169645052521605e-06
POLR2A	-5.280269791679545e-06
H3K27me3	-5.322909560310418e-06
KDM1A	-5.430091549817505e-06
AGO1	-5.833003187920628e-06
HNRNPUL1	-5.894661562582932e-06
PCBP1	-6.362645194126628e-06
ZNF24	-6.8813863410946316e-06
MNT	-7.087619533196902e-06
H3K4me3	-7.130013369976614e-06
PHB2	-7.194123671096699e-06
MLLT1	-7.4701124851374e-06
CHD1	-8.771189964689368e-06
TARDBP	-8.791310832133667e-06
ASH1L	-9.0754677158887e-06
ZBTB33	-9.633427092587937e-06
SUPT5H	-1.0189507117906934e-05
NFXL1	-1.1447903387333553e-05
ZNF184	-1.8830018646998114e-05
REST	-2.2871042038159295e-05
ZFP36	-2.8752163403055693e-05
ATF2	-3.625861688407412e-05
H4K20me1	-4.7425570308863734e-05
E2F1	-5.055870442503435e-05
FUS	-6.944073878906001e-05
E2F5	-0.00012070596049760554
GABPB1	-0.000122740200676918
THAP1	-0.00027935946435905855
E2F7	-0.00044362317097900106
ZFP91	-0.0005248716559380375
SREBF1	-0.0007361654672770636
ZNF316	-0.0008387035180667317
ZBTB5	-0.006084650616353562
TRIM24	-0.06630107899699461
CREB3	-0.12623782245522625
SRSF1	-0.17164341603637956
CEBPG	-0.185299578991149
HNRNPLL	-0.20027082930836
NBN	-0.2553794028534606
USF2	-0.3533289874851811
MAX	-0.6482380696584074
